ended_utc,player,player_id,seed,character,result,reached,answers,rooms,resumes,engine,content,file,sha256
2026-09-22T22:36:40.9598322Z,Derin,8ef75b3f4fc7,1790116173,bureaucrat,Defeat,1.12 r11c0,136,14,0,1.0.0+65406aeae441fa272e71325fc21ea3cb20833f29,deebd7956e4e57f6,runs/derin-8ef75b3f4fc7/2026-09-22-seed1790116173-defeat-9ef8f05c.json,9ef8f05c3eeae00ddd32cc03797aa292179f08eac3f8ac96e49d33c6a90902af
2026-09-23T17:20:48.0969127Z,Derin,8ef75b3f4fc7,249771018,bureaucrat,Abandoned,1.4 r3c1,40,5,0,1.0.0+65406aeae441fa272e71325fc21ea3cb20833f29,deebd7956e4e57f6,runs/derin-8ef75b3f4fc7/2026-09-23-seed249771018-abandoned-2fe9f2a8.json,2fe9f2a86a81c25475a3a54375c8b08218bd69430deab0978dcce73888d70a15
2026-09-23T18:01:15.3963061Z,Derin,8ef75b3f4fc7,249771018,bureaucrat,Defeat,1.12 r11c0,131,14,0,1.0.0+cee927acf4693890f929d19a5ff269e18465de64,deebd7956e4e57f6,runs/derin-8ef75b3f4fc7/2026-09-23-seed249771018-defeat-62c50a4d.json,62c50a4de45ba4dc501e7cc692dc2dc06cd5ca23b4ce3031893832a0cd07a8b7
2026-09-23T20:37:13.9128239Z,Erster,94c37b2a8fd2,249771018,bureaucrat,Defeat,1.23 r22c0,337,25,0,1.0.0+cee927acf4693890f929d19a5ff269e18465de64,deebd7956e4e57f6,runs/erster-94c37b2a8fd2/2026-09-23-seed249771018-defeat-43bd00ab.json,43bd00ab4cf2f03ad46d10f460bc4c6fd54c9c660ab108086af06df3994f2fdc
2026-09-24T11:01:45.4066332Z,BigPP,f4e9fc8dec0c,165882923,bureaucrat,Defeat,1.13 r12c0,208,15,0,1.0.0+cee927acf4693890f929d19a5ff269e18465de64,deebd7956e4e57f6,runs/bigpp-f4e9fc8dec0c/2026-09-24-seed165882923-defeat-8c6d1370.json,8c6d1370d01f9accb8b44077574c2349778ee27e400224bedfba7dbfbfd8b677
2026-09-24T12:20:35.2273509Z,timez,28ce061daa8f,1790250072,bureaucrat,Defeat,2.6 r5c0,494,32,1,1.0.0+cee927acf4693890f929d19a5ff269e18465de64,deebd7956e4e57f6,runs/timez-28ce061daa8f/2026-09-24-seed1790250072-defeat-bb104124.json,bb104124fdced48a57c6674319900c73af2666a8cf1d850e9ac824cc84b3d480
2026-09-24T20:57:37.8856973Z,Quintus,c71b7dcb6ee4,165882923,bureaucrat,Defeat,2.6 r5c0,464,32,0,1.0.0+cee927acf4693890f929d19a5ff269e18465de64,deebd7956e4e57f6,runs/quintus-c71b7dcb6ee4/2026-09-24-seed165882923-defeat-1be3a2fe.json,1be3a2fe6b583923414525dcf92cceb2ad8d60bcb61ae666cd8d1351157c250a
2026-09-25T11:50:35.7661752Z,Quintus,b55c14117975,165882923,bureaucrat,Defeat,2.9 r8c0,451,35,1,1.0.0+cee927acf4693890f929d19a5ff269e18465de64,deebd7956e4e57f6,runs/quintus-b55c14117975/2026-09-25-seed165882923-defeat-3b4c694c.json,3b4c694c33834435707a47ffa0f3375e00a236ac42214e84720da542ea0a1e1c
2026-09-25T12:16:29.0212302Z,Derin Büro,724ceaf49788,165882923,bureaucrat,Abandoned,4.2 r1c0,1304,78,6,1.0.0+cee927acf4693890f929d19a5ff269e18465de64,deebd7956e4e57f6,runs/derin-b-ro-724ceaf49788/2026-09-25-seed165882923-abandoned-9f42a933.json,9f42a9336ceba1e41005f49283d67b7b72070c24fc11390b1da59e0e4c3e4c18
2026-09-25T12:51:47.8879984Z,Sandale,08d139c2c9fd,1790325133,bureaucrat,Defeat,5.1 r0c0,2380,113,0,1.0.0+cee927acf4693890f929d19a5ff269e18465de64,deebd7956e4e57f6,runs/sandale-08d139c2c9fd/2026-09-25-seed1790325133-defeat-679df04a.json,679df04a2b17ee82ac8be766d54df0089ce534cd166f01c4ca6dbf2a3e86e2a9
2026-09-25T15:15:06.7727773Z,Sandale,08d139c2c9fd,149105304,bureaucrat,Defeat,1.12 r11c2,187,14,0,1.0.0+cee927acf4693890f929d19a5ff269e18465de64,deebd7956e4e57f6,runs/sandale-08d139c2c9fd/2026-09-25-seed149105304-defeat-f38888fb.json,f38888fb4650dabc91743f8a0b480dd6aaa08fe060599d02caaca6731266756f
2026-09-26T11:15:19.5307996Z,Derin,8ef75b3f4fc7,199438161,bureaucrat,Abandoned,1.1 r0c1,1,2,0,1.0.0+2a4dba4e8a4e67784e7e2660eb4d81a89ccf548a,2e0dea3001792199,runs/derin-8ef75b3f4fc7/2026-09-26-seed199438161-abandoned-1b4846a0.json,1b4846a057b46d8ff132538987684c6c060934b35164804cebd887194f727664
2026-09-28T04:48:19.7110381Z,Derin,8ef75b3f4fc7,199438161,bureaucrat,Abandoned,1.1 r0c1,1,2,0,1.0.0+2a4dba4e8a4e67784e7e2660eb4d81a89ccf548a,7f63657bf0330622,runs/derin-8ef75b3f4fc7/2026-09-28-seed199438161-abandoned-05da4a38.json,05da4a38db3d8f463c48bf98ee57e559e73fe389562a5b11462e7fc671375946
2026-09-28T05:22:36.6166090Z,Derin,8ef75b3f4fc7,1790570897,bureaucrat,Abandoned,1.1 r0c1,1,2,0,1.0.0+f7d533ff68ed20e6b062c18f644e2f4605824ac4,25819c9a4def9eae,runs/derin-8ef75b3f4fc7/2026-09-28-seed1790570897-abandoned-2fa11f0f.json,2fa11f0fc25e40db74e672dccc61c50250f8f3914cc1e079e3b176b37f428c89
2026-09-28T06:18:55.0684765Z,Derin,8ef75b3f4fc7,1790572954,bureaucrat,Abandoned,1.2 r1c1,5,3,0,1.0.0+e2b1734eb26cc188cc036b848c0d606302635de5,63433875d3076ec2,runs/derin-8ef75b3f4fc7/2026-09-28-seed1790572954-abandoned-0f84867f.json,0f84867f07172ef665977e84173c56a8e97b438e4c075bf9bb05d543f102569f
2026-09-28T06:45:28.0299331Z,Derin,8ef75b3f4fc7,98772447,bureaucrat,Abandoned,1.1 r0c1,5,2,0,1.0.0+63187294dff982a5a9cc503c25846734d12120f3,14bc480822d3bcdf,runs/derin-8ef75b3f4fc7/2026-09-28-seed98772447-abandoned-f5cf5243.json,f5cf5243c6b3c5ef897131903cac5101d1a3cd63d282ce06498a4378d56c955b
2026-09-28T15:45:24.7032239Z,Derin,8ef75b3f4fc7,98772447,bureaucrat,Abandoned,1.1 r0c1,15,2,0,1.0.0+63187294dff982a5a9cc503c25846734d12120f3,14bc480822d3bcdf,runs/derin-8ef75b3f4fc7/2026-09-28-seed98772447-abandoned-73acf04a.json,73acf04adb02b59008684fedc9ceac0274918a01999111dd2821c07cf34b97f1
2026-09-28T20:00:09.9443217Z,Derin,8ef75b3f4fc7,98772447,bureaucrat,Abandoned,1.1 r0c2,1,2,0,1.0.0+7649f18565d7f3914f254363542dad8d2f6fcf4e,3e7a4824ef62be83,runs/derin-8ef75b3f4fc7/2026-09-28-seed98772447-abandoned-3627ec76.json,3627ec765c01bbda81c90c431c1b2766f3d7c29e84e2e9a8c898e8431a1b794e
2026-10-02T19:23:25.6479440Z,Derin,8ef75b3f4fc7,98772447,bureaucrat,Abandoned,1.2 r1c0,22,3,0,1.0.0+7649f18565d7f3914f254363542dad8d2f6fcf4e,3e7a4824ef62be83,runs/derin-8ef75b3f4fc7/2026-10-02-seed98772447-abandoned-6f377ea4.json,6f377ea40b2ff5458ab883d5cea61f0d6b2a9d00be4b6f43585788dba62dc9ed
2026-10-03T06:06:43.1787074Z,Derin,8ef75b3f4fc7,1997785769,bureaucrat,Abandoned,1.3 r2c0,36,4,0,1.0.0+31340cb5f20d58db31c4c612be93bdb31b859217,edcf50fd898cf4e0,runs/derin-8ef75b3f4fc7/2026-10-03-seed1997785769-abandoned-ea362309.json,ea3623099272b47475f98ced0fc14193d1c43ac9d4de647e0e91fe2b08d3b614
2026-10-04T14:18:41.3991504Z,Derin,8ef75b3f4fc7,1791064255,hedge_witch,Abandoned,1.1 r0c1,16,2,0,1.0.0+13c06962c34aab1455905aff7da1269321f7de0b,32de5c464cd966ac,runs/derin-8ef75b3f4fc7/2026-10-04-seed1791064255-abandoned-9ad6f405.json,9ad6f405981215d14b30fef67086e80db72260c45fefdc35526909c9c0049e4e
2026-10-04T14:43:16.7574937Z,Derin,8ef75b3f4fc7,1791123517,hedge_witch,Abandoned,1.2 r1c2,9,3,1,1.0.0+661cd046098db69c8534e54404e247169ae51b84,145cdd95f1d300ad,runs/derin-8ef75b3f4fc7/2026-10-04-seed1791123517-abandoned-38adac79.json,38adac79fdcb16a2989b9effbcf75bdd8d56a4951d614613699b80cbe07747e3
